CREATE DATABASE CSE_3A_238 ;
USE CSE_3A_238 ;

--DEPOSIT TABLE
CREATE TABLE DEPOSIT
(
	ACTNO INT ,
	CNAME VARCHAR(50) , 
	BNAME VARCHAR(50) ,
	AMOUNT DECIMAL(8,2) ,
	ADATE DATETIME
);
INSERT INTO DEPOSIT VALUES
(101,'ANIL', 'VRCE',1000.00,'1995-3-1'),
(102,'SUNIL','AJNI',5000.00,'1996-1-4'),
(103,'MEHUL','KAROLBAGH',3500.00,'1995-11-17'),
(104,'MADHURI','CHANDI',1200.00,'1995-12-17'),
(105,'PRAMOD','M.G. ROAD',3000.00,'1996-3-27'),
(106 , 'SANDIP' , 'ANDHERI' , 2000.00 ,'1996-3-31'),
(107 , 'SHIVANI' , 'VIRAR' , 1000.00 , '1995-9-5'),
(108 , 'KRANTI' , 'NEHRU PLACE' , 5000.00 , '1995-7-2'),
(109 , 'MINU' , 'POWAI' , 7000.00 , '1995-8-10');

SELECT * FROM DEPOSIT ;

--BRANCH TABLE
CREATE TABLE BRANCH
(
	BNAME VARCHAR(50),
	CITY VARCHAR(50)
)



INSERT INTO BRANCH VALUES
('VRCE', 'NAGPUR'),
('AJNI', 'NAGPUR'),
('KAROLBAGH', 'DELHI'),
('CHANDI', 'DELHI'),
('DHARAMPETH', 'NAGPUR'),
('M.G. ROAD', 'BANGLORE'),
('ANDHERI', 'BOMBAY'),
('VIRAR', 'BOMBAY'),
('NEHRU', 'PLACE DELHI'),
('POWAI', 'BOMBAY')

SELECT * FROM BRANCH


--CUSTOMERS
CREATE TABLE CUSTOMERS
(
	CNAME VARCHAR(50),
	CITY VARCHAR(50)
)

INSERT INTO CUSTOMERS VALUES
('ANIL', 'CALCUTTA'),
('SUNIL', 'DELHI'),
('MEHUL', 'BARODA'),
('MANDAR', 'PATNA'),
('MADHURI', 'NAGPUR'),
('PRAMOD', 'NAGPUR'),
('SANDIP', 'SURAT'),
('SHIVANI', 'BOMBAY'),
('KRANTI', 'BOMBAY'),
('NAREN', 'BOMBAY')

SELECT * FROM CUSTOMERS 

--BORROW
CREATE TABLE BORROW
(
	LOANNO INT,
	CNAME VARCHAR(50),
	BNAME VARCHAR(50),
	AMOUNT DECIMAL(8,2)
)

INSERT INTO BORROW VALUES
(201, 'ANIL', 'VRCE', 1000.00),
(206, 'MEHUL', 'AJNI', 5000.00),
(311, 'SUNIL', 'DHARAMPETH', 3000.00),
(321, 'MADHURI', 'ANDHERI', 2000.00),
(375, 'PRAMOD', 'VIRAR', 8000.00),
(481, 'KRANTI', 'NEHRU PLACE', 3000.00)

SELECT * FROM BORROW


